-3.3504353364219113, 3.425103629918601
-3.2685830778858134, 3.4252753822596533
-3.1867308193497155, 3.4254471346007067
-3.1048785608136176, 3.426553766161809
-3.02023588437288, 3.426731373696307
-2.9411740437414218, 3.425962391623865
-2.8593217852053234, 3.4261341439649184
-2.7799498981400164, 3.426716193565154
-2.7019953662008755, 3.4232589651646945
-2.6137650095970297, 3.408971684827139
-2.531912751060932, 3.3897659406071616
-2.4492337020345705, 3.358436831072008
-2.3626273981794563, 3.314990861992168
-2.2863559754526377, 3.2682369649038394
-2.205991939799014, 3.203134027111588
-2.1300925727928144, 3.123361115059047
-2.070563657493834, 3.045824273501272
-2.01475529940104, 2.962336464262875
-1.9626674985144321, 2.86459506950865
-1.9180208120401967, 2.7805496227993007
-1.8733741255659617, 2.689648395142922
-1.8287274390917263, 2.597500661859809
-1.7915218670298634, 2.517802370994838
-1.758036852174187, 2.4494394744085435
-1.717110722906138, 2.364638317398562
-1.676184593638089, 2.2828287738927386
-1.6389790215762265, 2.198393761646183
-1.6017734495143636, 2.119194073031905
-1.5608473202463147, 2.0346422171472707
-1.522401562449057, 1.9564007851550196
-1.4975978477411482, 1.907008108125237
-1.4566717184730993, 1.788052696942775
-1.4120250319988639, 1.7089932727403578
-1.3636577883184424, 1.6198805743324742
-1.315290544638021, 1.5346854650371817
-1.2706438581637851, 1.456872546461497
-1.2259971716895501, 1.3790596278858125
-1.1776299280091287, 1.296535602076375
-1.1255421271225208, 1.2090333606845993
-1.0734543262359129, 1.123667986081509
-1.021366525349305, 1.0366999613869057
-0.9655581672565114, 0.9484709789611134
-0.9060292519575306, 0.8579126054097896
-0.8465003366585506, 0.7753007052288892
-0.7832508641533842, 0.693579553458183
-0.7162808344420313, 0.6106197029853382
-0.6455902475244919, 0.5277923099997599
-0.5748996606069525, 0.45261015152481043
-0.5004885164832276, 0.3728388383146539
-0.41863625794712966, 0.2999200334518246
-0.3367839994110309, 0.24433898866991655
-0.254931740874933, 0.20031645060862147
-0.17307948233883508, 0.16785241926794114
-0.09122722380273718, 0.1438872899277115
-0.009374965266639279, 0.12400163354770033
0.07247729326945862, 0.10751553796786784
0.15432955180555652, 0.10054821262854219
0.23618181034165442, 0.0969804480893961
0.3180340688777523, 0.09715220043044948
0.3998863274138502, 0.09732395277150196
0.4817385859499481, 0.09783566119257348
0.5635908444860469, 0.09766745745360783
0.6454431030221448, 0.09783920979466121
0.7272953615582427, 0.0980109621357137
0.8054270628881541, 0.09817490755217406
